-- MySQL dump 10.13  Distrib 8.4.9, for Linux (x86_64)
--
-- Host: localhost    Database: db_hotelsbook
-- ------------------------------------------------------
-- Server version	8.4.9

/*!40101 SET @OLD_CHARACTER_SET_CLIENT=@@CHARACTER_SET_CLIENT */;
/*!40101 SET @OLD_CHARACTER_SET_RESULTS=@@CHARACTER_SET_RESULTS */;
/*!40101 SET @OLD_COLLATION_CONNECTION=@@COLLATION_CONNECTION */;
/*!50503 SET NAMES utf8mb4 */;
/*!40103 SET @OLD_TIME_ZONE=@@TIME_ZONE */;
/*!40103 SET TIME_ZONE='+00:00' */;
/*!40014 SET @OLD_UNIQUE_CHECKS=@@UNIQUE_CHECKS, UNIQUE_CHECKS=0 */;
/*!40014 SET @OLD_FOREIGN_KEY_CHECKS=@@FOREIGN_KEY_CHECKS, FOREIGN_KEY_CHECKS=0 */;
/*!40101 SET @OLD_SQL_MODE=@@SQL_MODE, SQL_MODE='NO_AUTO_VALUE_ON_ZERO' */;
/*!40111 SET @OLD_SQL_NOTES=@@SQL_NOTES, SQL_NOTES=0 */;

--
-- Table structure for table `address`
--

DROP TABLE IF EXISTS `address`;
/*!40101 SET @saved_cs_client     = @@character_set_client */;
/*!50503 SET character_set_client = utf8mb4 */;
CREATE TABLE `address` (
  `id` int NOT NULL AUTO_INCREMENT,
  `street` varchar(100) NOT NULL,
  `number` int NOT NULL,
  `city_id` int NOT NULL,
  PRIMARY KEY (`id`),
  KEY `fk_address_city` (`city_id`),
  CONSTRAINT `fk_address_city` FOREIGN KEY (`city_id`) REFERENCES `city` (`id`) ON DELETE CASCADE ON UPDATE CASCADE
) ENGINE=InnoDB AUTO_INCREMENT=4 DEFAULT CHARSET=utf8mb4 COLLATE=utf8mb4_0900_ai_ci;
/*!40101 SET character_set_client = @saved_cs_client */;

--
-- Dumping data for table `address`
--

LOCK TABLES `address` WRITE;
/*!40000 ALTER TABLE `address` DISABLE KEYS */;
INSERT INTO `address` VALUES (1,'Los ûngeles',541,1),(2,'Los Muermos',155,2),(3,'Marcoleta',395,3);
/*!40000 ALTER TABLE `address` ENABLE KEYS */;
UNLOCK TABLES;

--
-- Table structure for table `city`
--

DROP TABLE IF EXISTS `city`;
/*!40101 SET @saved_cs_client     = @@character_set_client */;
/*!50503 SET character_set_client = utf8mb4 */;
CREATE TABLE `city` (
  `id` int NOT NULL AUTO_INCREMENT,
  `name` varchar(100) NOT NULL,
  `country` varchar(100) NOT NULL,
  PRIMARY KEY (`id`)
) ENGINE=InnoDB AUTO_INCREMENT=4 DEFAULT CHARSET=utf8mb4 COLLATE=utf8mb4_0900_ai_ci;
/*!40101 SET character_set_client = @saved_cs_client */;

--
-- Dumping data for table `city`
--

LOCK TABLES `city` WRITE;
/*!40000 ALTER TABLE `city` DISABLE KEYS */;
INSERT INTO `city` VALUES (1,'California','Estados Unidos'),(2,'Transilvania','Estados Unidos'),(3,'Miami','Estados Unidos');
/*!40000 ALTER TABLE `city` ENABLE KEYS */;
UNLOCK TABLES;

--
-- Table structure for table `hotel`
--

DROP TABLE IF EXISTS `hotel`;
/*!40101 SET @saved_cs_client     = @@character_set_client */;
/*!50503 SET character_set_client = utf8mb4 */;
CREATE TABLE `hotel` (
  `id` int NOT NULL AUTO_INCREMENT,
  `name` varchar(200) NOT NULL,
  `price` decimal(10,2) NOT NULL,
  `picture` varchar(255) NOT NULL,
  `description` varchar(500) NOT NULL,
  `address_id` int NOT NULL,
  PRIMARY KEY (`id`),
  KEY `fk_hotel_address` (`address_id`),
  CONSTRAINT `fk_hotel_address` FOREIGN KEY (`address_id`) REFERENCES `address` (`id`) ON DELETE CASCADE ON UPDATE CASCADE
) ENGINE=InnoDB AUTO_INCREMENT=4 DEFAULT CHARSET=utf8mb4 COLLATE=utf8mb4_0900_ai_ci;
/*!40101 SET character_set_client = @saved_cs_client */;

--
-- Dumping data for table `hotel`
--

LOCK TABLES `hotel` WRITE;
/*!40000 ALTER TABLE `hotel` DISABLE KEYS */;
INSERT INTO `hotel` VALUES (1,'Hotel California',300.00,'hotel1.jpg','Hotel ubicado en el centro del estado de California',1),(2,'Hotel Transilvania',230.00,'hotel2.jpg','Hotel ubicado en Transilvania, Estados Unidos',2),(3,'Hotel Miami',180.00,'hotel3.jpg','Hotel ubicado en el centro de Miami',3);
/*!40000 ALTER TABLE `hotel` ENABLE KEYS */;
UNLOCK TABLES;

--
-- Table structure for table `hotel_has_review`
--

DROP TABLE IF EXISTS `hotel_has_review`;
/*!40101 SET @saved_cs_client     = @@character_set_client */;
/*!50503 SET character_set_client = utf8mb4 */;
CREATE TABLE `hotel_has_review` (
  `hotel_id` int NOT NULL,
  `review_id` int NOT NULL,
  PRIMARY KEY (`hotel_id`,`review_id`),
  KEY `fk_hotel_has_review_review` (`review_id`),
  CONSTRAINT `fk_hotel_has_review_hotel` FOREIGN KEY (`hotel_id`) REFERENCES `hotel` (`id`) ON DELETE CASCADE ON UPDATE CASCADE,
  CONSTRAINT `fk_hotel_has_review_review` FOREIGN KEY (`review_id`) REFERENCES `review` (`id`) ON DELETE CASCADE ON UPDATE CASCADE
) ENGINE=InnoDB DEFAULT CHARSET=utf8mb4 COLLATE=utf8mb4_0900_ai_ci;
/*!40101 SET character_set_client = @saved_cs_client */;

--
-- Dumping data for table `hotel_has_review`
--

LOCK TABLES `hotel_has_review` WRITE;
/*!40000 ALTER TABLE `hotel_has_review` DISABLE KEYS */;
INSERT INTO `hotel_has_review` VALUES (1,1),(2,1),(3,1),(1,2),(2,2),(3,2);
/*!40000 ALTER TABLE `hotel_has_review` ENABLE KEYS */;
UNLOCK TABLES;

--
-- Table structure for table `reservation`
--

DROP TABLE IF EXISTS `reservation`;
/*!40101 SET @saved_cs_client     = @@character_set_client */;
/*!50503 SET character_set_client = utf8mb4 */;
CREATE TABLE `reservation` (
  `id` int NOT NULL AUTO_INCREMENT,
  `date_in` date NOT NULL,
  `date_out` date NOT NULL,
  `room_id` int NOT NULL,
  PRIMARY KEY (`id`),
  KEY `fk_reservation_room` (`room_id`),
  CONSTRAINT `fk_reservation_room` FOREIGN KEY (`room_id`) REFERENCES `room` (`id`) ON DELETE CASCADE ON UPDATE CASCADE
) ENGINE=InnoDB AUTO_INCREMENT=4 DEFAULT CHARSET=utf8mb4 COLLATE=utf8mb4_0900_ai_ci;
/*!40101 SET character_set_client = @saved_cs_client */;

--
-- Dumping data for table `reservation`
--

LOCK TABLES `reservation` WRITE;
/*!40000 ALTER TABLE `reservation` DISABLE KEYS */;
INSERT INTO `reservation` VALUES (1,'2026-12-12','2026-12-16',1),(2,'2026-12-12','2026-12-16',3),(3,'2026-09-18','2026-09-21',2);
/*!40000 ALTER TABLE `reservation` ENABLE KEYS */;
UNLOCK TABLES;

--
-- Table structure for table `reservation_has_hotel`
--

DROP TABLE IF EXISTS `reservation_has_hotel`;
/*!40101 SET @saved_cs_client     = @@character_set_client */;
/*!50503 SET character_set_client = utf8mb4 */;
CREATE TABLE `reservation_has_hotel` (
  `reservation_id` int NOT NULL,
  `hotel_id` int NOT NULL,
  PRIMARY KEY (`reservation_id`,`hotel_id`),
  KEY `fk_reservation_has_hotel_hotel` (`hotel_id`),
  CONSTRAINT `fk_reservation_has_hotel_hotel` FOREIGN KEY (`hotel_id`) REFERENCES `hotel` (`id`) ON DELETE CASCADE ON UPDATE CASCADE,
  CONSTRAINT `fk_reservation_has_hotel_reservation` FOREIGN KEY (`reservation_id`) REFERENCES `reservation` (`id`) ON DELETE CASCADE ON UPDATE CASCADE
) ENGINE=InnoDB DEFAULT CHARSET=utf8mb4 COLLATE=utf8mb4_0900_ai_ci;
/*!40101 SET character_set_client = @saved_cs_client */;

--
-- Dumping data for table `reservation_has_hotel`
--

LOCK TABLES `reservation_has_hotel` WRITE;
/*!40000 ALTER TABLE `reservation_has_hotel` DISABLE KEYS */;
INSERT INTO `reservation_has_hotel` VALUES (1,1),(2,2),(3,3);
/*!40000 ALTER TABLE `reservation_has_hotel` ENABLE KEYS */;
UNLOCK TABLES;

--
-- Table structure for table `review`
--

DROP TABLE IF EXISTS `review`;
/*!40101 SET @saved_cs_client     = @@character_set_client */;
/*!50503 SET character_set_client = utf8mb4 */;
CREATE TABLE `review` (
  `id` int NOT NULL AUTO_INCREMENT,
  `calification` decimal(3,1) NOT NULL,
  `description` varchar(255) NOT NULL,
  PRIMARY KEY (`id`)
) ENGINE=InnoDB AUTO_INCREMENT=6 DEFAULT CHARSET=utf8mb4 COLLATE=utf8mb4_0900_ai_ci;
/*!40101 SET character_set_client = @saved_cs_client */;

--
-- Dumping data for table `review`
--

LOCK TABLES `review` WRITE;
/*!40000 ALTER TABLE `review` DISABLE KEYS */;
INSERT INTO `review` VALUES (1,5.0,'Maravilloso'),(2,4.0,'Excelente'),(3,3.0,'Bien'),(4,2.0,'Regular'),(5,1.0,'Mal');
/*!40000 ALTER TABLE `review` ENABLE KEYS */;
UNLOCK TABLES;

--
-- Table structure for table `room`
--

DROP TABLE IF EXISTS `room`;
/*!40101 SET @saved_cs_client     = @@character_set_client */;
/*!50503 SET character_set_client = utf8mb4 */;
CREATE TABLE `room` (
  `id` int NOT NULL AUTO_INCREMENT,
  `number` int NOT NULL,
  `description` varchar(200) DEFAULT NULL,
  `number_passenger` int NOT NULL,
  PRIMARY KEY (`id`)
) ENGINE=InnoDB AUTO_INCREMENT=5 DEFAULT CHARSET=utf8mb4 COLLATE=utf8mb4_0900_ai_ci;
/*!40101 SET character_set_client = @saved_cs_client */;

--
-- Dumping data for table `room`
--

LOCK TABLES `room` WRITE;
/*!40000 ALTER TABLE `room` DISABLE KEYS */;
INSERT INTO `room` VALUES (1,21,'Suite presidencial',4),(2,45,'Suite presidencial',4),(3,2,'Pieza matrimonial',2),(4,13,'Pieza familiar',4);
/*!40000 ALTER TABLE `room` ENABLE KEYS */;
UNLOCK TABLES;

--
-- Table structure for table `service`
--

DROP TABLE IF EXISTS `service`;
/*!40101 SET @saved_cs_client     = @@character_set_client */;
/*!50503 SET character_set_client = utf8mb4 */;
CREATE TABLE `service` (
  `id` int NOT NULL AUTO_INCREMENT,
  `nombre` varchar(200) DEFAULT NULL,
  PRIMARY KEY (`id`)
) ENGINE=InnoDB AUTO_INCREMENT=6 DEFAULT CHARSET=utf8mb4 COLLATE=utf8mb4_0900_ai_ci;
/*!40101 SET character_set_client = @saved_cs_client */;

--
-- Dumping data for table `service`
--

LOCK TABLES `service` WRITE;
/*!40000 ALTER TABLE `service` DISABLE KEYS */;
INSERT INTO `service` VALUES (1,'Wifi gratis'),(2,'Parking gratis'),(3,'Aire acondicionado'),(4,'Restaurante'),(5,'Gym');
/*!40000 ALTER TABLE `service` ENABLE KEYS */;
UNLOCK TABLES;

--
-- Table structure for table `service_has_hotel`
--

DROP TABLE IF EXISTS `service_has_hotel`;
/*!40101 SET @saved_cs_client     = @@character_set_client */;
/*!50503 SET character_set_client = utf8mb4 */;
CREATE TABLE `service_has_hotel` (
  `service_id` int NOT NULL,
  `hotel_id` int NOT NULL,
  PRIMARY KEY (`service_id`,`hotel_id`),
  KEY `fk_service_has_hotel_hotel` (`hotel_id`),
  CONSTRAINT `fk_service_has_hotel_hotel` FOREIGN KEY (`hotel_id`) REFERENCES `hotel` (`id`) ON DELETE CASCADE ON UPDATE CASCADE,
  CONSTRAINT `fk_service_has_hotel_service` FOREIGN KEY (`service_id`) REFERENCES `service` (`id`) ON DELETE CASCADE ON UPDATE CASCADE
) ENGINE=InnoDB DEFAULT CHARSET=utf8mb4 COLLATE=utf8mb4_0900_ai_ci;
/*!40101 SET character_set_client = @saved_cs_client */;

--
-- Dumping data for table `service_has_hotel`
--

LOCK TABLES `service_has_hotel` WRITE;
/*!40000 ALTER TABLE `service_has_hotel` DISABLE KEYS */;
INSERT INTO `service_has_hotel` VALUES (1,1),(2,1),(3,1),(4,1),(5,1),(1,2),(2,2),(3,2),(4,2),(5,2),(1,3),(2,3),(3,3),(4,3),(5,3);
/*!40000 ALTER TABLE `service_has_hotel` ENABLE KEYS */;
UNLOCK TABLES;
/*!40103 SET TIME_ZONE=@OLD_TIME_ZONE */;

/*!40101 SET SQL_MODE=@OLD_SQL_MODE */;
/*!40014 SET FOREIGN_KEY_CHECKS=@OLD_FOREIGN_KEY_CHECKS */;
/*!40014 SET UNIQUE_CHECKS=@OLD_UNIQUE_CHECKS */;
/*!40101 SET CHARACTER_SET_CLIENT=@OLD_CHARACTER_SET_CLIENT */;
/*!40101 SET CHARACTER_SET_RESULTS=@OLD_CHARACTER_SET_RESULTS */;
/*!40101 SET COLLATION_CONNECTION=@OLD_COLLATION_CONNECTION */;
/*!40111 SET SQL_NOTES=@OLD_SQL_NOTES */;

-- Dump completed on 2026-05-18 23:34:36
